https://astrofella.wordpress.com/2013/03/08/george-rr-martins-prose-style-affixes-compound-and-combination-words/	023ebcbfbe39
https://astrofella.wordpress.com/2014/03/31/some-notes-on-george-rr-martins-prose-style/	43946afbbe8e
https://www.austinchronicle.com/arts/lonestarcon-3-the-george-r-r-martin-interview-12089174/	6a638f6e5cf4
https://www.bernardcornwell.net/interview-with-george-r-r-martin/	0498d8073d84
https://comicbook.com/irl/news/game-of-thrones-george-r-r-martin-gratuitous-food-scenes-explained-cookbook/	730a152d699b
https://winteriscoming.net/posts/george-r-r-martin-responds-to-critics-who-call-his-song-of-ice-and-fire-books-gratuitous-01hx7mc91z4g	da2499e7d91a
https://speculativeliterature.org/wp-content/uploads/2019/12/George-R.R.-Martin-transcript_Dublin_2019.pdf	9bf75489868a
https://en.wikipedia.org/wiki/A_Song_of_Ice_and_Fire	857debe492ca
https://en.wikipedia.org/wiki/Themes_in_A_Song_of_Ice_and_Fire	9bdc29fd5b8e
https://en.wikipedia.org/wiki/A_Game_of_Thrones	d465f4fbf180
https://en.wikipedia.org/wiki/A_Dance_with_Dragons	a839944af166
https://en.wikipedia.org/wiki/A_Feast_for_Crows	1c8f99195ef6
https://www.npr.org/2011/07/11/137652436/r-r-martins-sardonic-epic-for-an-ambivalent-age	4f475507fac3
https://slate.com/culture/2011/07/first-reviews-of-george-r-r-martin-s-dance-with-dragons.html	3cde536c5a79
https://unipub.uni-graz.at/obvugrhs/download/pdf/3853628	2163d2005428
https://www.folklore.ee/folklore/vol85/tosina.pdf	48c484897bb6
https://repozytorium.uwb.edu.pl/jspui/bitstream/11320/4647/1/BAJ_15_Bednarska.pdf	48326a0dc847
https://pressto.amu.edu.pl/index.php/stap/article/view/35011	f5f3e02cc42c
https://www.wuw.pl/download-attachment.php?h=m7G5RMSUpaSXl2W3ksfK1dSVpXR1WoQ%3D	325c04a7101e
https://pmc.ncbi.nlm.nih.gov/articles/PMC7682562/	c3791638d511
https://nineworldsacademia.wordpress.com/2014/08/15/writing-westeros-a-corpus-linguistic-study-of-a-song-of-ice-and-fire/	fd53815d9ddd
https://authorarrivera.com/2023/09/10/a-brief-linguistic-exam-of-a-song-of-ice-and-fire/	1d53841c7397
https://winteriscoming.net/2015/09/24/check-out-this-awesome-linguistic-analysis-of-a-song-of-ice-and-fire/	1e92bee0b45b
https://refinedrobot.com/pov-subjectivity-and-otherness-in-a-song-of-ice-and-fire/	29356b2f30d7
https://www.writersdigest.com/write-better-fiction/effective-repetition-in-writing-as-demonstrated-by-a-song-of-fire-and-ice	919d699c963a
https://literaryanalysis.net/2012/06/07/literature-commentary-a-song-of-ice-and-fire-books-1-3/	25ddd9aeebb7
https://publicmedievalist.com/grimdark-medievalism/	fe5508ee056e
https://is.muni.cz/th/p5fu7/thesis.pdf	26c32bc6db5e
https://mcfarlandbooks.com/product/mastering-the-game-of-thrones/	6a834cb3388b
https://theerstwhilephilistine.wordpress.com/2012/03/21/the-literary-crimes-of-george-r-r-martin/	352a0629eced
https://atseajournal.com/asoiaf/essays/epithets.html	612fca8f6e54
https://atseajournal.com/asoiaf/essays/imprecision.html	600b252e4cf0
https://thewertzone.blogspot.com/2011/07/dance-with-dragons-by-george-rr-martin.html	f7fec631e3eb
https://thewertzone.blogspot.com/2009/12/wertzone-classics-game-of-thrones-by.html	80a19ee829b1
https://fantasy-faction.com/2011/a-dance-with-dragons	ae999ef1e9a0
https://fantasy-faction.com/2013/writing-food	a221bb8454d6
https://time.com/archive/6911691/george-r-r-martins-dance-with-dragons-a-masterpiece-worthy-of-tolkien/	46e2bb5eaa03
https://time.com/archive/6675462/books-the-american-tolkien/	f37ef351cb1a
https://www.jonauerbach.com/writing-advice-game-of-thrones-first-chapter/	9081a77a1f0e
https://www.fictionadvocate.com/2015/01/28/how-to-write-like-george-r-r-martin/	83b63aaee52a
https://njmonthly.com/articles/jersey-living/george-rr-martin/	297906aaf612
https://winteriscoming.net/george-r-r-martin-explains-why-nothing-is-gratuitous-in-his-novels	70ec0476f8f0
https://winteriscoming.net/2017/11/23/thanksgiving-small-council-foods-ice-fire-free/	22e78f6ab6e4
https://blog.karenwoodward.org/2014/04/george-rr-martin-on-art-and-craft-of-writing-storytelling.html	22cc98f6959c
https://www.buzzfeed.com/danieldalton/purple-socks	41f425a13a93
https://en.wikiquote.org/wiki/George_R._R._Martin	a9e63ceb7a9b
https://www.shmoop.com/study-guides/game-of-thrones-book/narrator-point-of-view.html	70cd04f8bb26
https://blog.chapter.pub/third-person-limited/	0dc9b7765edb
https://bookanalysis.com/george-r-r-martin/a-game-of-thrones/themes-analysis/	bfa456bd7f37
https://www.litcharts.com/lit/a-game-of-thrones/prologue	1725cb8e2abd
https://thefantasyreviews.com/2023/10/19/a-game-of-thrones-chapter-1-summary-and-analysis/	766b5618d77f
https://wordsrated.com/game-of-thrones-stats/	e6fe6e3b9245
https://glcoverage.com/blog/george-r-r-martin-writing/	81678194a023
https://www.goodreads.com/author_blog_posts/3762440-dissection-of-a-game-of-thrones?tab=author	273bc3e2a6da
https://ohnotheydidnt.livejournal.com/72570529.html	5877c62a272c
https://winteriscoming.net/2018/11/19/george-rr-martin-why-writing-fire-blood-easier-the-winds-of-winter/	ec70e8d36527
https://locusmag.com/2005/Issues/11Martin.html	17b74cbdaa94
https://www.theatlantic.com/entertainment/archive/2011/07/george-r-r-martin-on-sex-fantasy-and-a-dance-with-dragons/241738/	79374237f7a3
https://bulletproofscreenwriting.tv/george-rr-martin/	9d2cd3245be7
https://www.rollingstone.com/culture/culture-news/george-r-r-martin-the-rolling-stone-interview-242487/	44cccbac989f
https://nekoplz.com/george-rr-martin-grrm-interview/	b8922b0e8670
https://www.westeros.org/Citadel/SSM/Entry/1353	1f3750a894fa
https://winteriscoming.net/2019/05/14/george-r-r-martin-on-what-he-borrowed-from-j-r-r-tolkien/	44996b9e4c8c
https://www.westeros.org/Citadel/SSM/Entry/1235	b28b047e380a
http://www.infinityplus.co.uk/nonfiction/intgrrm.htm	18c35a52c369
https://januarymagazine.com/profiles/grrmartin.html	be764534b68a
https://www.cbsnews.com/news/george-rr-martin-talks-about-writing-the-first-game-of-thrones-chapter-60-minutes-2019-04-14/	d0e9ab67b95e
https://www.westeros.org/Citadel/SSM/Entry/1427	d5b37e031ee9
https://www.tolkiensociety.org/2014/08/george-r-r-martin-i-revere-the-lord-of-the-rings/	b9babe06e027
https://georgerrmartin.com/notablog/2024/07/11/here-there-be-dragons-2/	58f2f54afd23
https://maximumfun.org/episodes/bullseye-with-jesse-thorn/george-r-r-martin-author-song-ice-and-fire-series-interview-sound-young-america/	ecd7bc31ac20
https://georgerrmartin.com/about-george/on-writing-essays/on-fantasy-by-george-r-r-martin/	56006f55d283
http://beatrice.com/wordpress/interview-george-r-r-martin/	c2718dd9fd2e
http://artsbeat.blogs.nytimes.com/2011/04/01/his-beautiful-dark-twisted-fantasy-george-r-r-martin-talks-game-of-thrones	dee397cc3416
https://www.cbsnews.com/news/game-of-thrones-the-killing-scenes-george-rr-martin-and-the-red-wedding-60-minutes-2019-04-14/	852199d3c5a0
https://www.themarysue.com/george-r-r-martin-sex-violence/	fa7e38055530
https://www.thepopverse.com/literary-fantasy-george-martin-joe-hill-jrr-tolkien	8a4ace55c656
https://www.sffworld.com/2006/05/interview-with-george-r-r-martin/	446dcda9431d
https://www.overthinkingit.com/2011/08/17/dance-with-dragons/3/	e48fc351222e
https://blog.oup.com/2012/04/words-are-wind-game-of-thrones-language/	9ba81e66c3cc
https://content.time.com/time/subscriber/article/0,33009,1129596,00.html	cb25d4912d44
https://www.goodreads.com/author_blog_posts/6236674-is-george-r-r-martin-is-the-greatest-bad-writer-of-all-time-or-the-wor	bec2c7bf96f2
https://slate.com/culture/2017/07/game-of-thrones-author-george-r-r-martin-is-obsessed-with-soup.html	548b355c1fdd
https://atseajournal.com/asoiaf/essays/psychic_distance.html	f50603657284
https://atseajournal.com/asoiaf/essays/linguistic_anachronism.html	d1cb9af67662
https://atseajournal.com/asoiaf/essays/compressibility.html	9512ee7b6206
https://atseajournal.com/asoiaf/essays/proselike.html	33bc9260f8e3
https://atseajournal.com/asoiaf/essays/line_reading.html	02156451802e
https://atseajournal.com/asoiaf/essays/punctuation.html	1831b28a3252
https://atseajournal.com/asoiaf/essays/purple.html	c924f81480c3
https://atseajournal.com/asoiaf/essays/stealth_exposition.html	976dfd30ba2c
https://atseajournal.com/asoiaf/essays/scene_types.html	db1d9c982f0d
https://atseajournal.com/asoiaf/essays/short_flashback.html	306432c167b9
https://atseajournal.com/asoiaf/essays/talktime.html	b11f2f9deb83
https://atseajournal.com/asoiaf/essays/nice_moves.html	0b0462de012f
https://atseajournal.com/asoiaf/essays/briefing.html	13119f520dbf
https://atseajournal.com/asoiaf/essays/pfister.html	7875e71b3e06
https://atseajournal.com/asoiaf/essays/making_gray.html	bb60e6f61b27
https://georgerrmartin.com/notablog/2010/04/12/	934ec7c79bd5
https://azevedosreviews.wordpress.com/2013/07/03/george-r-r-martins-20-quotes-on-writing/	05006aac6215
https://www.hiddengemsbooks.com/what-george-r-r-martin-teaches-about-writing/	4598f72809c6
https://longreads.com/2014/04/24/george-r-r-martin-the-rolling-stone-interview/	864b56b6ca4e
https://wahwriter.wordpress.com/2014/05/12/how-to-write-a-chapter-of-a-song-of-ice-and-fire/	a383c109ce73
https://timweed.net/recipe-for-a-page-turner-george-r-r-martins-a-game-of-thrones/	9c5249fd70db
https://darkjackelshowl.wordpress.com/2015/08/19/lets-read-a-game-of-thrones-part-1-prologue/	7ea974d71eea
https://thefantasyreviews.com/2023/10/14/a-game-of-thrones-prologue-summary-and-analysis/	37aa4ae19082
https://racefortheironthrone.wordpress.com/2014/01/30/chapter-by-chapter-analysis-tyrion-viii/	cbcfd1190fd9
https://racefortheironthrone.wordpress.com/2016/04/07/chapter-by-chapter-analysis-bran-vii-acok/	f96441c5a175
https://racefortheironthrone.wordpress.com/2016/04/18/chapter-by-chapter-analysis-asos-prologue/	8534bdad5c6a
https://www.tumblr.com/asoiafuniversity/tagged/writing	b00f1d9475c7
https://www.tumblr.com/nobodysuspectsthebutterfly/tagged/nuncle	273b007e78ba
https://www.goodreads.com/topic/show/917171-tig-who-s-better-guy-gavriel-kay-or-george-r-r-martin	a06dcadd6250
https://www.goodreads.com/author_blog_posts/9062123-asoif-pov-limited-omniscient-third-person?tab=book	b1277e18bfb5
https://www.editorialdepartment.com/a-game-of-thrones/	d3582cccab8f
https://humanitiesnotebook.substack.com/p/in-class-with-brandon-sanderson	412477045aca
https://sites.usask.ca/helus/2018/01/22/old-fashioned-english/	e7ad753fee37
https://www.autocrit.com/whats-the-score-a-game-of-thrones/	8ad1783ffe55
https://www.portlandmercury.com/General/2014/04/02/12111961/the-erotica-of-westeros	243a9798779e
https://gizmodo.com/the-15-best-food-descriptions-in-a-song-of-ice-and-fire-1796908714	9a620708ff2d
https://culturacolectiva.com/en/art/books/game-of-thrones-food-analysis-george-rr-martin/	d7430fb01ef5
https://narrativelookingglass.substack.com/p/george-rr-martin-brandon-sanderson	1eab05fbef3f
